1.010976,0.9779491,0.1222436,,1.010976,,,,1.010976,,,,1.010976,,,,1.010976,,,,1.010976,,,,1.010976,,,,1.010976,,,,1.010976,,,,1.010976,,,,1.010976,,,,1.010976,,,,1.010976,,,,1.010976,,,,1.010976,,,,1.010976,,,,1.010976,,,,1.010976,,,,1.010976,,,,1.010976,,,,
2.021302,1.988082,0.2485103,,2.021302,,,,2.021302,,,,2.021302,,,,2.021302,,,,2.021302,,,,2.021302,,,,2.021302,,,,2.021302,,,,2.021302,,,,2.021302,,,,2.021302,,,,2.021302,,,,2.021302,,,,2.021302,,,,2.021302,,,,2.021302,,,,2.021302,,,,2.021302,,,,2.021302,,,,
3.031636,2.998568,0.374821,,3.031636,,,,3.031636,,,,3.031636,,,,3.031636,,,,3.031636,,,,3.031636,,,,3.031636,,,,3.031636,,,,3.031636,,,,3.031636,,,,3.031636,,,,3.031636,,,,3.031636,,,,3.031636,,,,3.031636,,,,3.031636,,,,3.031636,,,,3.031636,,,,3.031636,,,,
4.041873,4.00941,0.5011763,,4.041873,,,,4.041873,,,,4.041873,,,,4.041873,,,,4.041873,,,,4.041873,,,,4.041873,,,,4.041873,,,,4.041873,,,,4.041873,,,,4.041873,,,,4.041873,,,,4.041873,,,,4.041873,,,,4.041873,,,,4.041873,,,,4.041873,,,,4.041873,,,,4.041873,,,,
5.052676,5.020516,0.6275645,,5.052676,0.03389626,0.004237032,,5.052676,,,,5.052676,,,,5.052676,,,,5.052676,,,,5.052676,,,,5.052676,,,,5.052676,,,,5.052676,,,,5.052676,,,,5.052676,,,,5.052676,,,,5.052676,,,,5.052676,,,,5.052676,,,,5.052676,,,,5.052676,,,,5.052676,,,,5.052676,,,,
6.063009,6.030412,0.7538015,,6.063009,1.04379,0.1304738,,6.063009,,,,6.063009,,,,6.063009,,,,6.063009,,,,6.063009,,,,6.063009,,,,6.063009,,,,6.063009,,,,6.063009,,,,6.063009,,,,6.063009,,,,6.063009,,,,6.063009,,,,6.063009,,,,6.063009,,,,6.063009,,,,6.063009,,,,6.063009,,,,
7.073576,7.040838,0.8801047,,7.073576,2.054215,0.2567769,,7.073576,,,,7.073576,,,,7.073576,,,,7.073576,,,,7.073576,,,,7.073576,,,,7.073576,,,,7.073576,,,,7.073576,,,,7.073576,,,,7.073576,,,,7.073576,,,,7.073576,,,,7.073576,,,,7.073576,,,,7.073576,,,,7.073576,,,,7.073576,,,,
8.084144,8.051542,1.006443,,8.084144,3.064918,0.3831148,,8.084144,,,,8.084144,,,,8.084144,,,,8.084144,,,,8.084144,,,,8.084144,,,,8.084144,,,,8.084144,,,,8.084144,,,,8.084144,,,,8.084144,,,,8.084144,,,,8.084144,,,,8.084144,,,,8.084144,,,,8.084144,,,,8.084144,,,,8.084144,,,,
9.094715,0.2491819,0.03114774,,9.094715,4.076029,0.5095036,,9.094715,,,,9.094715,,,,9.094715,,,,9.094715,,,,9.094715,,,,9.094715,,,,9.094715,,,,9.094715,,,,9.094715,,,,9.094715,,,,9.094715,,,,9.094715,,,,9.094715,,,,9.094715,,,,9.094715,,,,9.094715,,,,9.094715,,,,9.094715,,,,
10.10598,1.259067,0.1573834,,10.10598,5.085915,0.6357393,,10.10598,0.08270947,0.01033868,,10.10598,,,,10.10598,,,,10.10598,,,,10.10598,,,,10.10598,,,,10.10598,,,,10.10598,,,,10.10598,,,,10.10598,,,,10.10598,,,,10.10598,,,,10.10598,,,,10.10598,,,,10.10598,,,,10.10598,,,,10.10598,,,,10.10598,,,,
11.11607,2.269633,0.2837041,,11.11607,6.096481,0.7620601,,11.11607,1.093275,0.1366594,,11.11607,,,,11.11607,,,,11.11607,,,,11.11607,,,,11.11607,,,,11.11607,,,,11.11607,,,,11.11607,,,,11.11607,,,,11.11607,,,,11.11607,,,,11.11607,,,,11.11607,,,,11.11607,,,,11.11607,,,,11.11607,,,,11.11607,,,,
12.12642,3.280235,0.4100294,,12.12642,7.107084,0.8883855,,12.12642,2.103878,0.2629847,,12.12642,,,,12.12642,,,,12.12642,,,,12.12642,,,,12.12642,,,,12.12642,,,,12.12642,,,,12.12642,,,,12.12642,,,,12.12642,,,,12.12642,,,,12.12642,,,,12.12642,,,,12.12642,,,,12.12642,,,,12.12642,,,,12.12642,,,,
13.1371,4.293694,0.5367117,,13.1371,8.120543,1.015068,,13.1371,3.117336,0.389667,,13.1371,,,,13.1371,,,,13.1371,,,,13.1371,,,,13.1371,,,,13.1371,,,,13.1371,,,,13.1371,,,,13.1371,,,,13.1371,,,,13.1371,,,,13.1371,,,,13.1371,,,,13.1371,,,,13.1371,,,,13.1371,,,,13.1371,,,,
14.14755,5.301569,0.6626962,,14.14755,0,0,,14.14755,4.125209,0.5156512,,14.14755,,,,14.14755,,,,14.14755,,,,14.14755,,,,14.14755,,,,14.14755,,,,14.14755,,,,14.14755,,,,14.14755,,,,14.14755,,,,14.14755,,,,14.14755,,,,14.14755,,,,14.14755,,,,14.14755,,,,14.14755,,,,14.14755,,,,
15.15811,6.311903,0.7889878,,15.15811,0.9774114,0.1221764,,15.15811,5.135542,0.6419428,,15.15811,0.1325331,0.01656664,,15.15811,,,,15.15811,,,,15.15811,,,,15.15811,,,,15.15811,,,,15.15811,,,,15.15811,,,,15.15811,,,,15.15811,,,,15.15811,,,,15.15811,,,,15.15811,,,,15.15811,,,,15.15811,,,,15.15811,,,,15.15811,,,,
16.1691,7.322503,0.9153128,,16.1691,1.988009,0.2485012,,16.1691,6.146142,0.7682678,,16.1691,1.143131,0.1428914,,16.1691,,,,16.1691,,,,16.1691,,,,16.1691,,,,16.1691,,,,16.1691,,,,16.1691,,,,16.1691,,,,16.1691,,,,16.1691,,,,16.1691,,,,16.1691,,,,16.1691,,,,16.1691,,,,16.1691,,,,16.1691,,,,
17.17995,0,0,,17.17995,2.998876,0.3748595,,17.17995,7.157014,0.8946267,,17.17995,2.153999,0.2692499,,17.17995,,,,17.17995,,,,17.17995,,,,17.17995,,,,17.17995,,,,17.17995,,,,17.17995,,,,17.17995,,,,17.17995,,,,17.17995,,,,17.17995,,,,17.17995,,,,17.17995,,,,17.17995,,,,17.17995,,,,17.17995,,,,
18.19007,0.4803114,0.06003893,,18.19007,4.009973,0.5012466,,18.19007,0,0,,18.19007,3.165096,0.395637,,18.19007,,,,18.19007,,,,18.19007,,,,18.19007,,,,18.19007,,,,18.19007,,,,18.19007,,,,18.19007,,,,18.19007,,,,18.19007,,,,18.19007,,,,18.19007,,,,18.19007,,,,18.19007,,,,18.19007,,,,18.19007,,,,
19.20038,1.490343,0.1862929,,19.20038,5.020005,0.6275007,,19.20038,0.7955278,0.09944098,,19.20038,4.175128,0.5218911,,19.20038,,,,19.20038,,,,19.20038,,,,19.20038,,,,19.20038,,,,19.20038,,,,19.20038,,,,19.20038,,,,19.20038,,,,19.20038,,,,19.20038,,,,19.20038,,,,19.20038,,,,19.20038,,,,19.20038,,,,19.20038,,,,
20.21192,2.500582,0.3125728,,20.21192,6.030244,0.7537805,,20.21192,1.805766,0.2257208,,20.21192,5.185367,0.6481709,,20.21192,0.1821033,0.02276291,,20.21192,,,,20.21192,,,,20.21192,,,,20.21192,,,,20.21192,,,,20.21192,,,,20.21192,,,,20.21192,,,,20.21192,,,,20.21192,,,,20.21192,,,,20.21192,,,,20.21192,,,,20.21192,,,,20.21192,,,,
21.22152,3.511155,0.4388943,,21.22152,7.040818,0.8801023,,21.22152,2.816339,0.3520424,,21.22152,6.195941,0.7744927,,21.22152,1.192676,0.1490845,,21.22152,,,,21.22152,,,,21.22152,,,,21.22152,,,,21.22152,,,,21.22152,,,,21.22152,,,,21.22152,,,,21.22152,,,,21.22152,,,,21.22152,,,,21.22152,,,,21.22152,,,,21.22152,,,,21.22152,,,,
22.23211,4.521716,0.5652145,,22.23211,0,0,,22.23211,3.8269,0.4783625,,22.23211,7.206502,0.9008127,,22.23211,2.203236,0.2754045,,22.23211,,,,22.23211,,,,22.23211,,,,22.23211,,,,22.23211,,,,22.23211,,,,22.23211,,,,22.23211,,,,22.23211,,,,22.23211,,,,22.23211,,,,22.23211,,,,22.23211,,,,22.23211,,,,22.23211,,,,
23.24325,5.532382,0.6915478,,23.24325,0.5964966,0.07456207,,23.24325,4.837565,0.6046957,,23.24325,0,0,,23.24325,3.2139,0.4017375,,23.24325,,,,23.24325,,,,23.24325,,,,23.24325,,,,23.24325,,,,23.24325,,,,23.24325,,,,23.24325,,,,23.24325,,,,23.24325,,,,23.24325,,,,23.24325,,,,23.24325,,,,23.24325,,,,23.24325,,,,
24.25322,6.542861,0.8178576,,24.25322,1.606975,0.2008719,,24.25322,5.848044,0.7310055,,24.25322,0.8116513,0.1014564,,24.25322,4.224379,0.5280473,,24.25322,,,,24.25322,,,,24.25322,,,,24.25322,,,,24.25322,,,,24.25322,,,,24.25322,,,,24.25322,,,,24.25322,,,,24.25322,,,,24.25322,,,,24.25322,,,,24.25322,,,,24.25322,,,,24.25322,,,,
25.26378,7.5536,0.9442,,25.26378,2.617713,0.3272141,,25.26378,6.858783,0.8573479,,25.26378,1.82239,0.2277988,,25.26378,5.235117,0.6543897,,25.26378,0.2310084,0.02887605,,25.26378,,,,25.26378,,,,25.26378,,,,25.26378,,,,25.26378,,,,25.26378,,,,25.26378,,,,25.26378,,,,25.26378,,,,25.26378,,,,25.26378,,,,25.26378,,,,25.26378,,,,25.26378,,,,
26.27474,0,0,,26.27474,3.628098,0.4535123,,26.27474,7.869168,0.983646,,26.27474,2.832775,0.3540969,,26.27474,6.245502,0.7806878,,26.27474,1.241393,0.1551742,,26.27474,,,,26.27474,,,,26.27474,,,,26.27474,,,,26.27474,,,,26.27474,,,,26.27474,,,,26.27474,,,,26.27474,,,,26.27474,,,,26.27474,,,,26.27474,,,,26.27474,,,,26.27474,,,,
27.28492,0.7291158,0.09113948,,27.28492,4.639157,0.5798947,,27.28492,0.4973174,0.06216467,,27.28492,3.843834,0.4804792,,27.28492,7.256561,0.9070702,,27.28492,2.252452,0.2815565,,27.28492,,,,27.28492,,,,27.28492,,,,27.28492,,,,27.28492,,,,27.28492,,,,27.28492,,,,27.28492,,,,27.28492,,,,27.28492,,,,27.28492,,,,27.28492,,,,27.28492,,,,27.28492,,,,
28.29548,1.739773,0.2174716,,28.29548,5.649815,0.7062269,,28.29548,1.507975,0.1884968,,28.29548,4.854491,0.6068113,,28.29548,0,0,,28.29548,3.263109,0.4078887,,28.29548,,,,28.29548,,,,28.29548,,,,28.29548,,,,28.29548,,,,28.29548,,,,28.29548,,,,28.29548,,,,28.29548,,,,28.29548,,,,28.29548,,,,28.29548,,,,28.29548,,,,28.29548,,,,
29.30604,2.749844,0.3437304,,29.30604,6.659885,0.8324856,,29.30604,2.518045,0.3147557,,29.30604,5.864561,0.7330701,,29.30604,0.844984,0.105623,,29.30604,4.273179,0.5341474,,29.30604,,,,29.30604,,,,29.30604,,,,29.30604,,,,29.30604,,,,29.30604,,,,29.30604,,,,29.30604,,,,29.30604,,,,29.30604,,,,29.30604,,,,29.30604,,,,29.30604,,,,29.30604,,,,
30.31681,3.760327,0.4700409,,30.31681,7.670367,0.9587959,,30.31681,3.528529,0.4410661,,30.31681,6.875043,0.8593804,,30.31681,1.855466,0.2319333,,30.31681,5.283662,0.6604577,,30.31681,0.281326,0.03516575,,30.31681,,,,30.31681,,,,30.31681,,,,30.31681,,,,30.31681,,,,30.31681,,,,30.31681,,,,30.31681,,,,30.31681,,,,30.31681,,,,30.31681,,,,30.31681,,,,30.31681,,,,
31.32717,4.770893,0.5963616,,31.32717,0,0,,31.32717,4.539094,0.5673868,,31.32717,0,0,,31.32717,2.866031,0.3582539,,31.32717,6.294229,0.7867786,,31.32717,1.291891,0.1614863,,31.32717,,,,31.32717,,,,31.32717,,,,31.32717,,,,31.32717,,,,31.32717,,,,31.32717,,,,31.32717,,,,31.32717,,,,31.32717,,,,31.32717,,,,31.32717,,,,31.32717,,,,
32.33816,5.781485,0.7226856,,32.33816,0.7783259,0.09729073,,32.33816,5.549686,0.6937107,,32.33816,0.9111891,0.1138986,,32.33816,3.876622,0.4845777,,32.33816,7.30482,0.9131025,,32.33816,2.302482,0.2878102,,32.33816,,,,32.33816,,,,32.33816,,,,32.33816,,,,32.33816,,,,32.33816,,,,32.33816,,,,32.33816,,,,32.33816,,,,32.33816,,,,32.33816,,,,32.33816,,,,32.33816,,,,
33.34895,6.792029,0.8490037,,33.34895,1.78887,0.2236088,,33.34895,6.56023,0.8200288,,33.34895,1.921733,0.2402166,,33.34895,4.887166,0.6108958,,33.34895,0,0,,33.34895,3.313026,0.4141282,,33.34895,,,,33.34895,,,,33.34895,,,,33.34895,,,,33.34895,,,,33.34895,,,,33.34895,,,,33.34895,,,,33.34895,,,,33.34895,,,,33.34895,,,,33.34895,,,,33.34895,,,,
34.35889,0,0,,34.35889,2.799435,0.3499293,,34.35889,7.570797,0.9463496,,34.35889,2.932297,0.3665372,,34.35889,5.897733,0.7372166,,34.35889,0.3313318,0.04141648,,34.35889,4.323592,0.540449,,34.35889,,,,34.35889,,,,34.35889,,,,34.35889,,,,34.35889,,,,34.35889,,,,34.35889,,,,34.35889,,,,34.35889,,,,34.35889,,,,34.35889,,,,34.35889,,,,34.35889,,,,
35.36989,0.09905371,0.01238171,,35.36989,3.810029,0.4762536,,35.36989,0,0,,35.36989,3.942892,0.4928614,,35.36989,6.908328,0.863541,,35.36989,1.341926,0.1677408,,35.36989,5.334187,0.6667734,,35.36989,0.3313605,0.04142007,,35.36989,,,,35.36989,,,,35.36989,,,,35.36989,,,,35.36989,,,,35.36989,,,,35.36989,,,,35.36989,,,,35.36989,,,,35.36989,,,,35.36989,,,,35.36989,,,,
36.38004,1.109875,0.1387343,,36.38004,4.82085,0.6026062,,36.38004,0.3978809,0.04973511,,36.38004,4.953713,0.6192142,,36.38004,7.91915,0.9898938,,36.38004,2.352747,0.2940934,,36.38004,6.345009,0.7931262,,36.38004,1.342182,0.1677727,,36.38004,,,,36.38004,,,,36.38004,,,,36.38004,,,,36.38004,,,,36.38004,,,,36.38004,,,,36.38004,,,,36.38004,,,,36.38004,,,,36.38004,,,,36.38004,,,,
37.39061,2.12016,0.26502,,37.39061,5.831136,0.728892,,37.39061,1.408167,0.1760208,,37.39061,5.964,0.7455,,37.39061,0.016567,0.002070875,,37.39061,3.363034,0.4203793,,37.39061,7.355296,0.919412,,37.39061,2.352467,0.2940584,,37.39061,,,,37.39061,,,,37.39061,,,,37.39061,,,,37.39061,,,,37.39061,,,,37.39061,,,,37.39061,,,,37.39061,,,,37.39061,,,,37.39061,,,,37.39061,,,,
38.40119,3.130727,0.3913409,,38.40119,6.841709,0.8552136,,38.40119,2.418734,0.3023418,,38.40119,6.974572,0.8718215,,38.40119,1.027134,0.1283918,,38.40119,4.373603,0.5467004,,38.40119,0,0,,38.40119,3.363034,0.4203793,,38.40119,,,,38.40119,,,,38.40119,,,,38.40119,,,,38.40119,,,,38.40119,,,,38.40119,,,,38.40119,,,,38.40119,,,,38.40119,,,,38.40119,,,,38.40119,,,,
39.41246,4.141613,0.5177016,,39.41246,7.852597,0.9815747,,39.41246,3.42962,0.4287025,,39.41246,7.98546,0.9981825,,39.41246,2.038021,0.2547526,,39.41246,5.384491,0.6730614,,39.41246,0.6956721,0.08695901,,39.41246,4.37392,0.54674,,39.41246,,,,39.41246,,,,39.41246,,,,39.41246,,,,39.41246,,,,39.41246,,,,39.41246,,,,39.41246,,,,39.41246,,,,39.41246,,,,39.41246,,,,39.41246,,,,
40.42233,5.152045,0.6440056,,40.42233,0,0,,40.42233,4.440051,0.5550063,,40.42233,0.7947492,0.09934365,,40.42233,3.04845,0.3810563,,40.42233,6.394923,0.7993654,,40.42233,1.706102,0.2132627,,40.42233,5.384352,0.673044,,40.42233,0.3812166,0.04765208,,40.42233,,,,40.42233,,,,40.42233,,,,40.42233,,,,40.42233,,,,40.42233,,,,40.42233,,,,40.42233,,,,40.42233,,,,40.42233,,,,40.42233,,,,
41.43357,6.163342,0.7704178,,41.43357,0.8620948,0.1077619,,41.43357,5.451348,0.6814185,,41.43357,1.806045,0.2257556,,41.43357,4.059744,0.507468,,41.43357,7.406221,0.9257776,,41.43357,2.717397,0.3396746,,41.43357,6.395649,0.7994562,,41.43357,1.392512,0.174064,,41.43357,,,,41.43357,,,,41.43357,,,,41.43357,,,,41.43357,,,,41.43357,,,,41.43357,,,,41.43357,,,,41.43357,,,,41.43357,,,,41.43357,,,,
42.44481,7.173931,0.8967414,,42.44481,1.872683,0.2340854,,42.44481,6.461937,0.8077421,,42.44481,2.816633,0.3520792,,42.44481,5.070333,0.6337916,,42.44481,0,0,,42.44481,3.727986,0.4659982,,42.44481,7.406238,0.9257798,,42.44481,2.403101,0.3003876,,42.44481,,,,42.44481,,,,42.44481,,,,42.44481,,,,42.44481,,,,42.44481,,,,42.44481,,,,42.44481,,,,42.44481,,,,42.44481,,,,42.44481,,,,
43.45472,0,0,,43.45472,2.882976,0.360372,,43.45472,7.472232,0.934029,,43.45472,3.826926,0.4783657,,43.45472,6.080628,0.7600785,,43.45472,0.6129655,0.07662068,,43.45472,4.73828,0.592285,,43.45472,8.416532,1.052066,,43.45472,3.413393,0.4266742,,43.45472,,,,43.45472,,,,43.45472,,,,43.45472,,,,43.45472,,,,43.45472,,,,43.45472,,,,43.45472,,,,43.45472,,,,43.45472,,,,43.45472,,,,
44.46615,0.9117011,0.1139626,,44.46615,3.894078,0.4867598,,44.46615,0,0,,44.46615,4.83803,0.6047537,,44.46615,7.091733,0.8864666,,44.46615,1.624068,0.2030085,,44.46615,5.749384,0.7186731,,44.46615,9.427635,1.178454,,44.46615,4.424496,0.553062,,44.46615,,,,44.46615,,,,44.46615,,,,44.46615,,,,44.46615,,,,44.46615,,,,44.46615,,,,44.46615,,,,44.46615,,,,44.46615,,,,44.46615,,,,
45.47593,1.922384,0.2402979,,45.47593,4.904762,0.6130952,,45.47593,0.8287836,0.1035979,,45.47593,5.848714,0.7310892,,45.47593,0,0,,45.47593,2.634751,0.3293439,,45.47593,6.760068,0.8450086,,45.47593,10.43832,1.30479,,45.47593,5.43518,0.6793975,,45.47593,0.4311231,0.05389039,,45.47593,,,,45.47593,,,,45.47593,,,,45.47593,,,,45.47593,,,,45.47593,,,,45.47593,,,,45.47593,,,,45.47593,,,,45.47593,,,,
46.48644,2.932545,0.3665681,,46.48644,5.914924,0.7393655,,46.48644,1.838946,0.2298683,,46.48644,6.858876,0.8573595,,46.48644,0.7457435,0.09321794,,46.48644,3.644912,0.455614,,46.48644,7.770231,0.9712788,,46.48644,0.5469075,0.06836344,,46.48644,6.445342,0.8056678,,46.48644,1.441285,0.1801607,,46.48644,,,,46.48644,,,,46.48644,,,,46.48644,,,,46.48644,,,,46.48644,,,,46.48644,,,,46.48644,,,,46.48644,,,,46.48644,,,,
47.49713,3.943423,0.4929278,,47.49713,6.925804,0.8657255,,47.49713,2.849824,0.356228,,47.49713,7.869756,0.9837195,,47.49713,1.756621,0.2195777,,47.49713,4.655792,0.581974,,47.49713,0.08339009,0.01042376,,47.49713,1.557785,0.1947232,,47.49713,7.456222,0.9320277,,47.49713,2.452163,0.3065204,,47.49713,,,,47.49713,,,,47.49713,,,,47.49713,,,,47.49713,,,,47.49713,,,,47.49713,,,,47.49713,,,,47.49713,,,,47.49713,,,,
48.50848,4.953433,0.6191791,,48.50848,7.935814,0.9919767,,48.50848,3.859833,0.4824791,,48.50848,0.2981917,0.03727396,,48.50848,2.76663,0.3458288,,48.50848,5.665802,0.7082253,,48.50848,1.093399,0.1366749,,48.50848,2.567794,0.3209742,,48.50848,0,0,,48.50848,3.462172,0.4327715,,48.50848,,,,48.50848,,,,48.50848,,,,48.50848,,,,48.50848,,,,48.50848,,,,48.50848,,,,48.50848,,,,48.50848,,,,48.50848,,,,
49.51817,5.96459,0.7455737,,49.51817,0,0,,49.51817,4.870989,0.6088737,,49.51817,1.309348,0.1636685,,49.51817,3.777787,0.4722234,,49.51817,6.676959,0.8346198,,49.51817,2.104555,0.2630694,,49.51817,3.578951,0.4473688,,49.51817,0.2656562,0.03320703,,49.51817,4.473329,0.5591661,,49.51817,,,,49.51817,,,,49.51817,,,,49.51817,,,,49.51817,,,,49.51817,,,,49.51817,,,,49.51817,,,,49.51817,,,,49.51817,,,,
50.52874,6.97457,0.8718212,,50.52874,0.7121513,0.08901892,,50.52874,5.88097,0.7351212,,50.52874,2.319326,0.2899157,,50.52874,4.787767,0.5984709,,50.52874,7.686939,0.9608673,,50.52874,3.114533,0.3893166,,50.52874,4.58893,0.5736162,,50.52874,1.275634,0.1594543,,50.52874,5.483309,0.6854137,,50.52874,0.4796861,0.05996076,,50.52874,,,,50.52874,,,,50.52874,,,,50.52874,,,,50.52874,,,,50.52874,,,,50.52874,,,,50.52874,,,,50.52874,,,,
51.53947,7.985572,0.9981965,,51.53947,1.723153,0.2153941,,51.53947,6.891972,0.8614965,,51.53947,3.330328,0.416291,,51.53947,5.79877,0.7248462,,51.53947,0,0,,51.53947,4.125535,0.5156918,,51.53947,5.599932,0.6999915,,51.53947,2.286637,0.2858296,,51.53947,6.494312,0.811789,,51.53947,1.490688,0.186336,,51.53947,,,,51.53947,,,,51.53947,,,,51.53947,,,,51.53947,,,,51.53947,,,,51.53947,,,,51.53947,,,,51.53947,,,,
52.54988,0.6954148,0.08692686,,52.54988,2.733608,0.341701,,52.54988,7.902429,0.9878036,,52.54988,4.340783,0.5425978,,52.54988,6.809227,0.8511533,,52.54988,0.712424,0.089053,,52.54988,5.135991,0.6419989,,52.54988,6.610389,0.8262986,,52.54988,3.297092,0.4121365,,52.54988,7.504768,0.938096,,52.54988,2.501143,0.3126429,,52.54988,,,,52.54988,,,,52.54988,,,,52.54988,,,,52.54988,,,,52.54988,,,,52.54988,,,,52.54988,,,,52.54988,,,,
53.56045,1.705722,0.2132153,,53.56045,3.743916,0.4679894,,53.56045,0,0,,53.56045,5.351091,0.6688864,,53.56045,7.819535,0.9774419,,53.56045,1.722732,0.2153414,,53.56045,6.1463,0.7682875,,53.56045,7.620697,0.9525872,,53.56045,4.307401,0.5384251,,53.56045,0.2148044,0.02685056,,53.56045,3.511451,0.4389313,,53.56045,,,,53.56045,,,,53.56045,,,,53.56045,,,,53.56045,,,,53.56045,,,,53.56045,,,,53.56045,,,,53.56045,,,,
54.57103,2.716226,0.3395282,,54.57103,4.75442,0.5943025,,54.57103,0.9443005,0.1180376,,54.57103,6.361597,0.7951996,,54.57103,8.830038,1.103755,,54.57103,2.733235,0.3416544,,54.57103,7.156805,0.8946006,,54.57103,0.3479016,0.04348771,,54.57103,5.317906,0.6647382,,54.57103,1.225308,0.1531635,,54.57103,4.521955,0.5652444,,54.57103,,,,54.57103,,,,54.57103,,,,54.57103,,,,54.57103,,,,54.57103,,,,54.57103,,,,54.57103,,,,54.57103,,,,
55.58223,3.726792,0.465849,,55.58223,5.764988,0.7206235,,55.58223,1.954866,0.2443583,,55.58223,7.372165,0.9215206,,55.58223,9.8406,1.230075,,55.58223,3.743801,0.4679751,,55.58223,0.09939955,0.01242494,,55.58223,1.358467,0.1698084,,55.58223,6.328474,0.7910593,,55.58223,2.235873,0.2794842,,55.58223,5.532523,0.6915654,,55.58223,0.5301341,0.06626677,,55.58223,,,,55.58223,,,,55.58223,,,,55.58223,,,,55.58223,,,,55.58223,,,,55.58223,,,,55.58223,,,,
56.59219,4.737565,0.5921956,,56.59219,6.775762,0.8469702,,56.59219,2.965638,0.3707047,,56.59219,0,0,,56.59219,0.2815061,0.03518827,,56.59219,4.754573,0.5943217,,56.59219,1.110172,0.1387715,,56.59219,2.36924,0.296155,,56.59219,7.339248,0.917406,,56.59219,3.246645,0.4058306,,56.59219,6.543297,0.8179121,,56.59219,1.540906,0.1926133,,56.59219,,,,56.59219,,,,56.59219,,,,56.59219,,,,56.59219,,,,56.59219,,,,56.59219,,,,56.59219,,,,
57.603,5.747928,0.718491,,57.603,7.786125,0.9732656,,57.603,3.975999,0.4969998,,57.603,0.2645814,0.03307267,,57.603,1.291868,0.1614835,,57.603,5.764936,0.7206171,,57.603,2.120533,0.2650667,,57.603,3.379601,0.4224502,,57.603,0,0,,57.603,4.257006,0.5321258,,57.603,7.55366,0.9442075,,57.603,2.551267,0.3189084,,57.603,,,,57.603,,,,57.603,,,,57.603,,,,57.603,,,,57.603,,,,57.603,,,,57.603,,,,
58.61333,6.758594,0.8448243,,58.61333,0.01666423,0.002083029,,58.61333,4.986665,0.6233331,,58.61333,1.275246,0.1594057,,58.61333,2.302531,0.2878164,,58.61333,6.775603,0.8469504,,58.61333,3.131198,0.3913998,,58.61333,4.390267,0.5487834,,58.61333,0.3641774,0.04552218,,58.61333,5.267673,0.6584591,,58.61333,8.564327,1.070541,,58.61333,3.561933,0.4452416,,58.61333,,,,58.61333,,,,58.61333,,,,58.61333,,,,58.61333,,,,58.61333,,,,58.61333,,,,58.61333,,,,
59.62391,7.769371,0.9711713,,59.62391,1.027439,0.1284299,,59.62391,5.997441,0.7496802,,59.62391,2.286021,0.2857527,,59.62391,3.313307,0.4141633,,59.62391,7.786379,0.9732974,,59.62391,4.141973,0.5177467,,59.62391,5.401043,0.6751304,,59.62391,1.374953,0.1718691,,59.62391,6.278449,0.7848061,,59.62391,0,0,,59.62391,4.572708,0.5715885,,59.62391,,,,59.62391,,,,59.62391,,,,59.62391,,,,59.62391,,,,59.62391,,,,59.62391,,,,59.62391,,,,
60.63452,8.779627,1.097453,,60.63452,2.0377,0.2547125,,60.63452,7.007702,0.8759628,,60.63452,3.296281,0.4120351,,60.63452,4.323567,0.5404459,,60.63452,0.8280374,0.1035047,,60.63452,5.152235,0.6440293,,60.63452,6.411304,0.8014131,,60.63452,2.385213,0.2981516,,60.63452,7.28871,0.9110888,,60.63452,0.7289329,0.09111661,,60.63452,5.582969,0.6978711,,60.63452,0.5798331,0.07247914,,60.63452,,,,60.63452,,,,60.63452,,,,60.63452,,,,60.63452,,,,60.63452,,,,60.63452,,,,
61.64511,0.5798344,0.0724793,,61.64511,3.048266,0.3810333,,61.64511,8.01827,1.002284,,61.64511,4.306847,0.5383559,,61.64511,5.334134,0.6667668,,61.64511,1.838604,0.2298255,,61.64511,6.162802,0.7703502,,61.64511,7.421872,0.927734,,61.64511,3.39578,0.4244725,,61.64511,0,0,,61.64511,1.7395,0.2174374,,61.64511,6.593536,0.824192,,61.64511,1.5904,0.1988,,61.64511,,,,61.64511,,,,61.64511,,,,61.64511,,,,61.64511,,,,61.64511,,,,61.64511,,,,
62.65561,1.5906,0.1988249,,62.65561,4.059031,0.5073788,,62.65561,0.3644949,0.04556187,,62.65561,5.317612,0.6647015,,62.65561,6.344899,0.7931124,,62.65561,2.849369,0.3561711,,62.65561,7.173567,0.8966959,,62.65561,8.43264,1.05408,,62.65561,4.406544,0.550818,,62.65561,0.4474981,0.05593727,,62.65561,2.750264,0.343783,,62.65561,7.604301,0.9505377,,62.65561,2.601165,0.3251456,,62.65561,,,,62.65561,,,,62.65561,,,,62.65561,,,,62.65561,,,,62.65561,,,,62.65561,,,,
63.66619,2.60114,0.3251425,,63.66619,5.069572,0.6336965,,63.66619,1.375036,0.1718794,,63.66619,6.328154,0.7910192,,63.66619,7.355441,0.9194301,,63.66619,3.859909,0.4824887,,63.66619,0.4474728,0.0559341,,63.66619,9.443175,1.180397,,63.66619,5.417085,0.6771356,,63.66619,1.458039,0.1822548,,63.66619,3.760804,0.4701006,,63.66619,8.614841,1.076855,,63.66619,3.611705,0.4514631,,63.66619,,,,63.66619,,,,63.66619,,,,63.66619,,,,63.66619,,,,63.66619,,,,63.66619,,,,
64.67676,3.61198,0.4514976,,64.67676,6.080413,0.7600517,,64.67676,2.385876,0.2982346,,64.67676,7.338995,0.9173744,,64.67676,8.366283,1.045785,,64.67676,4.87075,0.6088438,,64.67676,1.458313,0.1822892,,64.67676,0,0,,64.67676,6.427927,0.8034908,,64.67676,2.468879,0.3086099,,64.67676,4.771646,0.5964557,,64.67676,0.08299214,0.01037402,,64.67676,4.622546,0.5778183,,64.67676,,,,64.67676,,,,64.67676,,,,64.67676,,,,64.67676,,,,64.67676,,,,64.67676,,,,
65.68752,4.622788,0.5778485,,65.68752,7.091221,0.8864027,,65.68752,3.396683,0.4245854,,65.68752,0,0,,65.68752,0.2491861,0.03114826,,65.68752,5.881558,0.7351948,,65.68752,2.46912,0.30864,,65.68752,0.09995995,0.01249499,,65.68752,7.438735,0.9298418,,65.68752,3.479686,0.4349608,,65.68752,5.782454,0.7228067,,65.68752,1.093799,0.1367248,,65.68752,5.633354,0.7041693,,65.68752,0.6302193,0.07877741,,65.68752,,,,65.68752,,,,65.68752,,,,65.68752,,,,65.68752,,,,65.68752,,,,
66.69781,5.633087,0.7041359,,66.69781,8.10152,1.01269,,66.69781,4.406982,0.5508728,,66.69781,0.13295,0.01661875,,66.69781,1.259484,0.1574355,,66.69781,6.891858,0.8614822,,66.69781,3.479418,0.4349273,,66.69781,1.110258,0.1387822,,66.69781,0.331715,0.04146437,,66.69781,4.489985,0.5612482,,66.69781,6.792753,0.8490941,,66.69781,2.104096,0.2630121,,66.69781,6.643653,0.8304567,,66.69781,1.640517,0.2050646,,66.69781,,,,66.69781,,,,66.69781,,,,66.69781,,,,66.69781,,,,66.69781,,,,
67.70858,6.643236,0.8304045,,67.70858,9.11167,1.138959,,67.70858,5.417131,0.6771414,,67.70858,1.1431,0.1428875,,67.70858,2.269634,0.2837042,,67.70858,7.902006,0.9877508,,67.70858,4.489569,0.5611961,,67.70858,2.120408,0.2650509,,67.70858,1.341865,0.1677331,,67.70858,5.500134,0.6875167,,67.70858,7.802901,0.9753627,,67.70858,3.114247,0.3892809,,67.70858,7.653802,0.9567252,,67.70858,2.650667,0.3313334,,67.70858,,,,67.70858,,,,67.70858,,,,67.70858,,,,67.70858,,,,67.70858,,,,
68.71474,7.649618,0.9562022,,68.71474,0.0495968,0.0061996,,68.71474,6.423513,0.8029391,,68.71474,2.149481,0.2686851,,68.71474,3.276015,0.4095019,,68.71474,0.442649,0.05533112,,68.71474,5.495951,0.6869938,,68.71474,3.126789,0.3908486,,68.71474,2.348247,0.2935308,,68.71474,6.506516,0.8133145,,68.71474,8.809281,1.10116,,68.71474,4.120628,0.5150785,,68.71474,8.660182,1.082523,,68.71474,3.657049,0.4571311,,68.71474,,,,68.71474,,,,68.71474,,,,68.71474,,,,68.71474,,,,68.71474,,,,
69.7253,8.660185,1.082523,,69.7253,1.060165,0.1325206,,69.7253,7.434083,0.9292604,,69.7253,3.160049,0.3950062,,69.7253,4.286584,0.535823,,69.7253,1.453217,0.1816522,,69.7253,6.506521,0.8133151,,69.7253,4.137358,0.5171698,,69.7253,3.358815,0.4198518,,69.7253,7.517086,0.9396358,,69.7253,0,0,,69.7253,5.131198,0.6413998,,69.7253,0.1491006,0.01863757,,69.7253,4.667619,0.5834524,,69.7253,,,,69.7253,,,,69.7253,,,,69.7253,,,,69.7253,,,,69.7253,,,,
70.73587,9.670759,1.208845,,70.73587,2.070742,0.2588428,,70.73587,8.444661,1.055583,,70.73587,4.170627,0.5213283,,70.73587,5.297163,0.6621454,,70.73587,2.463795,0.3079744,,70.73587,0,0,,70.73587,5.147937,0.6434922,,70.73587,4.369391,0.5461739,,70.73587,8.527663,1.065958,,70.73587,0.5467098,0.06833872,,70.73587,6.141778,0.7677222,,70.73587,1.159677,0.1449596,,70.73587,5.678198,0.7097748,,70.73587,0.6623502,0.08279378,,70.73587,,,,70.73587,,,,70.73587,,,,70.73587,,,,70.73587,,,,
71.74642,10.68147,1.335184,,71.74642,3.081459,0.3851824,,71.74642,0.1492372,0.01865464,,71.74642,5.181344,0.6476679,,71.74642,6.30788,0.7884851,,71.74642,3.474512,0.434314,,71.74642,0.2152767,0.02690958,,71.74642,6.158654,0.7698318,,71.74642,5.380108,0.6725135,,71.74642,0,0,,71.74642,1.557426,0.1946783,,71.74642,7.152494,0.8940618,,71.74642,2.170394,0.2712992,,71.74642,6.688915,0.8361144,,71.74642,1.673067,0.2091333,,71.74642,,,,71.74642,,,,71.74642,,,,71.74642,,,,71.74642,,,,
72.75697,0,0,,72.75697,4.092214,0.5115267,,72.75697,1.159991,0.1449988,,72.75697,6.192099,0.7740123,,72.75697,7.318635,0.9148294,,72.75697,4.485267,0.5606583,,72.75697,1.22603,0.1532538,,72.75697,7.169409,0.8961762,,72.75697,6.390863,0.7988579,,72.75697,0.4145143,0.05181429,,72.75697,2.56818,0.3210225,,72.75697,8.16325,1.020406,,72.75697,3.181148,0.3976435,,72.75697,7.69967,0.9624588,,72.75697,2.683821,0.3354776,,72.75697,,,,72.75697,,,,72.75697,,,,72.75697,,,,72.75697,,,,
73.76791,0.2816337,0.03520421,,73.76791,5.102434,0.6378043,,73.76791,2.17021,0.2712763,,73.76791,7.202319,0.9002899,,73.76791,8.328855,1.041107,,73.76791,5.495487,0.6869359,,73.76791,2.23625,0.2795312,,73.76791,8.179629,1.022454,,73.76791,7.401084,0.9251355,,73.76791,1.424734,0.1780918,,73.76791,3.5784,0.4473,,73.76791,9.173468,1.146683,,73.76791,4.191368,0.523921,,73.76791,8.709887,1.088736,,73.76791,3.694041,0.4617551,,73.76791,,,,73.76791,,,,73.76791,,,,73.76791,,,,73.76791,,,,
74.77821,1.292852,0.1616065,,74.77821,6.113652,0.7642065,,74.77821,3.181429,0.3976786,,74.77821,0,0,,74.77821,9.340075,1.167509,,74.77821,6.506705,0.8133382,,74.77821,3.247468,0.4059335,,74.77821,9.19085,1.148856,,74.77821,8.412304,1.051538,,74.77821,2.435952,0.3044941,,74.77821,4.589619,0.5737024,,74.77821,0,0,,74.77821,5.202586,0.6503232,,74.77821,0.2325854,0.02907318,,74.77821,4.70526,0.5881575,,74.77821,,,,74.77821,,,,74.77821,,,,74.77821,,,,74.77821,,,,
75.78912,2.302895,0.2878619,,75.78912,7.123694,0.8904618,,75.78912,4.191472,0.5239339,,75.78912,0.248569,0.03107113,,75.78912,0,0,,75.78912,7.516747,0.9395934,,75.78912,4.257511,0.5321889,,75.78912,10.20089,1.275112,,75.78912,9.422346,1.177793,,75.78912,3.445995,0.4307494,,75.78912,5.599661,0.6999577,,75.78912,0.5302606,0.06628257,,75.78912,6.212628,0.7765785,,75.78912,1.242628,0.1553285,,75.78912,5.715302,0.7144128,,75.78912,0.712187,0.08902337,,75.78912,,,,75.78912,,,,75.78912,,,,75.78912,,,,
76.79929,3.313855,0.4142319,,76.79929,8.134656,1.016832,,76.79929,5.202433,0.6503041,,76.79929,1.25953,0.1574412,,76.79929,0.8288489,0.1036061,,76.79929,8.52771,1.065964,,76.79929,5.268472,0.658559,,76.79929,0,0,,76.79929,0,0,,76.79929,4.456956,0.5571195,,76.79929,6.610622,0.8263278,,76.79929,1.541221,0.1926527,,76.79929,7.223589,0.9029486,,76.79929,2.253588,0.2816985,,76.79929,6.726264,0.8407829,,76.79929,1.723148,0.2153935,,76.79929,,,,76.79929,,,,76.79929,,,,76.79929,,,,
77.80976,4.323927,0.5404909,,77.80976,9.144729,1.143091,,77.80976,6.212505,0.7765631,,77.80976,2.269601,0.2837002,,77.80976,1.838921,0.2298651,,77.80976,9.537783,1.192223,,77.80976,6.278544,0.7848181,,77.80976,0.6958198,0.08697747,,77.80976,0.9442199,0.1180275,,77.80976,5.467028,0.6833785,,77.80976,7.620695,0.9525868,,77.80976,2.551293,0.3189117,,77.80976,8.233662,1.029208,,77.80976,3.26366,0.4079575,,77.80976,7.736336,0.967042,,77.80976,2.73322,0.3416525,,77.80976,,,,77.80976,,,,77.80976,,,,77.80976,,,,
78.82062,5.334661,0.6668326,,78.82062,10.15546,1.269432,,78.82062,7.223238,0.9029048,,78.82062,3.280332,0.4100415,,78.82062,2.849651,0.3562064,,78.82062,0.7291233,0.09114041,,78.82062,7.289278,0.9111598,,78.82062,1.70655,0.2133188,,78.82062,1.95495,0.2443688,,78.82062,6.477762,0.8097202,,78.82062,8.631428,1.078928,,78.82062,3.562024,0.445253,,78.82062,9.244392,1.155549,,78.82062,4.274391,0.5342989,,78.82062,8.747067,1.093383,,78.82062,3.74395,0.4679938,,78.82062,,,,78.82062,,,,78.82062,,,,78.82062,,,,
79.83087,6.345274,0.7931593,,79.83087,0.7125123,0.08906403,,79.83087,8.23385,1.029231,,79.83087,4.290944,0.536368,,79.83087,3.860262,0.4825328,,79.83087,1.739734,0.2174668,,79.83087,8.299891,1.037486,,79.83087,2.717161,0.3396451,,79.83087,2.965562,0.3706952,,79.83087,7.488375,0.9360469,,79.83087,9.642037,1.205255,,79.83087,4.572637,0.5715796,,79.83087,0,0,,79.83087,5.285005,0.6606256,,79.83087,9.757677,1.21971,,79.83087,4.754564,0.5943205,,79.83087,,,,79.83087,,,,79.83087,,,,79.83087,,,,
80.84144,7.355613,0.9194516,,80.84144,1.722849,0.2153561,,80.84144,9.244187,1.155523,,80.84144,5.301282,0.6626602,,80.84144,4.870601,0.6088251,,80.84144,2.750071,0.3437589,,80.84144,9.310227,1.163778,,80.84144,3.727498,0.4659372,,80.84144,3.975899,0.4969873,,80.84144,8.498711,1.062339,,80.84144,0.4638719,0.05798399,,80.84144,5.582975,0.6978719,,80.84144,0.9774379,0.1221797,,80.84144,6.295342,0.7869178,,80.84144,0.5134141,0.06417677,,80.84144,5.764902,0.7206128,,80.84144,0.7619942,0.09524928,,80.84144,,,,80.84144,,,,80.84144,,,,
81.85257,8.366176,1.045772,,81.85257,2.73341,0.3416763,,81.85257,10.25475,1.281843,,81.85257,6.311846,0.7889807,,81.85257,5.881165,0.7351456,,81.85257,3.760632,0.470079,,81.85257,0.679233,0.08490413,,81.85257,4.73806,0.5922575,,81.85257,4.986463,0.6233078,,81.85257,0,0,,81.85257,1.474432,0.1843041,,81.85257,6.593539,0.8241924,,81.85257,1.987999,0.2484999,,81.85257,7.305906,0.9132383,,81.85257,1.523975,0.1904969,,81.85257,6.775466,0.8469332,,81.85257,1.772555,0.2215694,,81.85257,,,,81.85257,,,,81.85257,,,,
82.86337,9.37674,1.172092,,82.86337,3.743978,0.4679973,,82.86337,0.6626616,0.0828327,,82.86337,7.322412,0.9153015,,82.86337,6.891731,0.8614663,,82.86337,4.771198,0.5963998,,82.86337,1.689801,0.2112251,,82.86337,5.748626,0.7185783,,82.86337,5.997029,0.7496286,,82.86337,0.5467004,0.06833754,,82.86337,2.485001,0.3106251,,82.86337,7.604105,0.9505132,,82.86337,2.998567,0.3748209,,82.86337,8.316472,1.039559,,82.86337,2.534544,0.3168179,,82.86337,7.786032,0.973254,,82.86337,2.783124,0.3478905,,82.86337,,,,82.86337,,,,82.86337,,,,
83.87309,10.3873,1.298413,,83.87309,4.754545,0.5943181,,83.87309,1.673228,0.2091535,,83.87309,8.33298,1.041623,,83.87309,7.902298,0.9877873,,83.87309,5.781766,0.7227207,,83.87309,2.700367,0.3375459,,83.87309,6.759194,0.8448992,,83.87309,7.007596,0.8759496,,83.87309,1.557267,0.1946583,,83.87309,3.495567,0.4369459,,83.87309,0,0,,83.87309,4.009133,0.5011416,,83.87309,9.327035,1.165879,,83.87309,3.545109,0.4431387,,83.87309,8.796596,1.099574,,83.87309,3.79369,0.4742112,,83.87309,,,,83.87309,,,,83.87309,,,,
84.8839,0,0,,84.8839,5.765112,0.720639,,84.8839,2.683795,0.3354744,,84.8839,9.343546,1.167943,,84.8839,8.912864,1.114108,,84.8839,6.792334,0.8490417,,84.8839,3.710934,0.4638668,,84.8839,7.769761,0.9712201,,84.8839,8.018164,1.00227,,84.8839,2.567834,0.3209793,,84.8839,4.506134,0.5632668,,84.8839,0.9271736,0.1158967,,84.8839,5.0197,0.6274625,,84.8839,0.6461002,0.08076252,,84.8839,4.555676,0.5694596,,84.8839,9.807161,1.225895,,84.8839,4.804257,0.6005322,,84.8839,,,,84.8839,,,,84.8839,,,,
85.89505,0.4633649,0.05792061,,85.89505,6.77568,0.8469599,,85.89505,3.694361,0.4617952,,85.89505,10.35411,1.294264,,85.89505,0,0,,85.89505,7.802901,0.9753627,,85.89505,4.721502,0.5901877,,85.89505,8.780328,1.097541,,85.89505,9.02873,1.128591,,85.89505,3.578401,0.4473001,,85.89505,5.516702,0.6895877,,85.89505,1.93774,0.2422175,,85.89505,6.030268,0.7537835,,85.89505,1.656667,0.2070833,,85.89505,5.566244,0.6957805,,85.89505,0,0,,85.89505,5.814825,0.7268531,,85.89505,0.8117678,0.101471,,85.89505,,,,85.89505,,,,
86.90503,1.474798,0.1843497,,86.90503,7.787113,0.9733891,,86.90503,4.705795,0.5882244,,86.90503,11.36555,1.420693,,86.90503,0.2160931,0.02701163,,86.90503,8.814334,1.101792,,86.90503,5.732935,0.7166169,,86.90503,0.2990659,0.03738324,,86.90503,0,0,,86.90503,4.589833,0.5737292,,86.90503,6.528135,0.8160169,,86.90503,2.949172,0.3686465,,86.90503,7.041701,0.8802127,,86.90503,2.668099,0.3335124,,86.90503,0,0,,86.90503,0.8290285,0.1036286,,86.90503,6.826259,0.8532823,,86.90503,1.823201,0.2279001,,86.90503,,,,86.90503,,,,
87.91528,2.484497,0.3105622,,87.91528,8.796815,1.099602,,87.91528,5.715497,0.7144371,,87.91528,0.08223192,0.01027899,,87.91528,1.225793,0.1532241,,87.91528,9.824035,1.228004,,87.91528,6.742638,0.8428297,,87.91528,1.308766,0.1635957,,87.91528,0.4141385,0.05176731,,87.91528,5.599535,0.6999419,,87.91528,7.537838,0.9422297,,87.91528,3.958872,0.494859,,87.91528,8.051404,1.006425,,87.91528,3.677799,0.4597249,,87.91528,0.2319327,0.02899159,,87.91528,1.838728,0.229841,,87.91528,7.835961,0.9794951,,87.91528,2.832901,0.3541127,,87.91528,,,,87.91528,,,,
88.92583,3.495063,0.4368829,,88.92583,9.807382,1.225923,,88.92583,6.726066,0.8407582,,88.92583,1.092798,0.1365997,,88.92583,2.236359,0.2795449,,88.92583,10.8346,1.354325,,88.92583,7.753206,0.9691508,,88.92583,2.319332,0.2899165,,88.92583,1.424704,0.178088,,88.92583,6.610104,0.826263,,88.92583,0.4969993,0.06212491,,88.92583,4.969441,0.6211801,,88.92583,0,0,,88.92583,4.688365,0.5860456,,88.92583,1.242499,0.1553123,,88.92583,2.849294,0.3561617,,88.92583,8.846528,1.105816,,88.92583,3.843467,0.4804333,,88.92583,,,,88.92583,,,,
89.93642,4.506336,0.563292,,89.93642,0.3980249,0.04975311,,89.93642,7.737338,0.9671672,,89.93642,2.104071,0.2630088,,89.93642,3.247632,0.405954,,89.93642,11.84588,1.480735,,89.93642,8.764481,1.09556,,89.93642,3.330605,0.4163256,,89.93642,2.435977,0.3044972,,89.93642,7.621377,0.9526721,,89.93642,1.508272,0.188534,,89.93642,5.980713,0.7475892,,89.93642,0.712683,0.08908537,,89.93642,5.699637,0.7124546,,89.93642,2.253772,0.2817215,,89.93642,3.860567,0.4825709,,89.93642,0,0,,89.93642,4.854739,0.6068424,,89.93642,,,,89.93642,,,,
90.94694,5.516308,0.6895385,,90.94694,1.407995,0.1759993,,90.94694,0.1488614,0.01860767,,90.94694,3.114041,0.3892551,,90.94694,4.257602,0.5322003,,90.94694,0.5467651,0.06834564,,90.94694,0.7124763,0.08905954,,90.94694,4.340575,0.5425718,,90.94694,3.445947,0.4307434,,90.94694,8.631345,1.078918,,90.94694,2.518243,0.3147803,,90.94694,6.990685,0.8738356,,90.94694,1.722653,0.2153316,,90.94694,6.709609,0.8387011,,90.94694,3.263742,0.4079677,,90.94694,4.870539,0.6088173,,90.94694,0.5633744,0.0704218,,90.94694,5.864711,0.7330889,,90.94694,0.8611071,0.1076384,,90.94694,,,,
91.95817,6.527071,0.8158838,,91.95817,2.418756,0.3023446,,91.95817,1.159623,0.1449529,,91.95817,4.124803,0.5156003,,91.95817,5.268364,0.6585456,,91.95817,1.557527,0.1946909,,91.95817,1.723238,0.2154048,,91.95817,5.351337,0.6689171,,91.95817,4.45671,0.5570887,,91.95817,0,0,,91.95817,3.529005,0.4411256,,91.95817,0,0,,91.95817,2.733414,0.3416768,,91.95817,7.720371,0.9650463,,91.95817,4.274504,0.534313,,91.95817,5.881301,0.7351626,,91.95817,1.574136,0.196767,,91.95817,6.875473,0.8594342,,91.95817,1.871869,0.2339836,,91.95817,,,,
92.96803,7.537333,0.9421667,,92.96803,3.42902,0.4286275,,92.96803,2.169886,0.2712358,,92.96803,5.135066,0.6418833,,92.96803,6.278627,0.7848284,,92.96803,2.56779,0.3209738,,92.96803,2.733502,0.3416877,,92.96803,6.3616,0.7952,,92.96803,5.466973,0.6833717,,92.96803,0.9602795,0.1200349,,92.96803,4.539268,0.5674084,,92.96803,0.2480624,0.0310078,,92.96803,3.743678,0.4679597,,92.96803,0,0,,92.96803,5.284767,0.6605959,,92.96803,6.891564,0.8614455,,92.96803,2.584399,0.3230499,,92.96803,7.885736,0.9857171,,92.96803,2.882132,0.3602665,,92.96803,,,,
93.97885,0.5132776,0.0641597,,93.97885,4.439587,0.5549484,,93.97885,3.180452,0.3975565,,93.97885,6.145634,0.7682042,,93.97885,7.289195,0.9111494,,93.97885,3.578356,0.4472944,,93.97885,3.744067,0.4680084,,93.97885,7.372168,0.9215209,,93.97885,6.477541,0.8096926,,93.97885,1.970845,0.2463557,,93.97885,5.549835,0.6937294,,93.97885,1.258628,0.1573285,,93.97885,4.754245,0.5942806,,93.97885,0.7284146,0.09105182,,93.97885,6.295335,0.7869169,,93.97885,7.902132,0.9877665,,93.97885,3.594965,0.4493706,,93.97885,0,0,,93.97885,3.892698,0.4865872,,93.97885,,,,
94.98916,1.524164,0.1905205,,94.98916,5.450475,0.6813093,,94.98916,4.191339,0.5239173,,94.98916,7.156521,0.8945651,,94.98916,8.300082,1.03751,,94.98916,4.589243,0.5736554,,94.98916,4.754954,0.5943692,,94.98916,8.383054,1.047882,,94.98916,7.488428,0.9360535,,94.98916,2.981733,0.3727166,,94.98916,6.560722,0.8200903,,94.98916,2.269515,0.2836894,,94.98916,5.765132,0.7206415,,94.98916,1.739301,0.2174127,,94.98916,0,0,,94.98916,8.913015,1.114127,,94.98916,4.605852,0.5757315,,94.98916,0.9777523,0.122219,,94.98916,4.903584,0.6129481,,94.98916,,,,
95.99967,2.534607,0.3168259,,95.99967,6.460918,0.8076148,,95.99967,5.201782,0.6502228,,95.99967,8.166965,1.020871,,95.99967,0,0,,95.99967,5.599687,0.6999608,,95.99967,5.765398,0.7206747,,95.99967,9.393492,1.174186,,95.99967,0,0,,95.99967,3.992175,0.4990219,,95.99967,7.571166,0.9463958,,95.99967,3.279957,0.4099947,,95.99967,6.775576,0.846947,,95.99967,2.749744,0.343718,,95.99967,0.5461616,0.0682702,,95.99967,0,0,,95.99967,5.616295,0.7020369,,95.99967,1.988194,0.2485243,,95.99967,5.914028,0.7392535,,95.99967,0.9113498,0.1139187,,
97.01022,3.545213,0.4431517,,97.01022,7.471526,0.9339408,,97.01022,6.21239,0.7765487,,97.01022,9.177575,1.147197,,97.01022,1.010606,0.1263258,,97.01022,6.610294,0.8262868,,97.01022,6.776006,0.8470007,,97.01022,0,0,,97.01022,0.7952442,0.09940553,,97.01022,5.002783,0.6253479,,97.01022,8.581776,1.072722,,97.01022,4.290564,0.5363205,,97.01022,7.786183,0.9732729,,97.01022,3.76035,0.4700438,,97.01022,1.556768,0.1945959,,97.01022,0.1986186,0.02482732,,97.01022,6.626904,0.8283629,,97.01022,2.998801,0.3748501,,97.01022,6.924636,0.8655795,,97.01022,1.921956,0.2402445,,
98.02074,4.555981,0.5694976,,98.02074,8.482294,1.060287,,98.02074,7.223156,0.9028946,,98.02074,0,0,,98.02074,2.021374,0.2526717,,98.02074,7.621061,0.9526326,,98.02074,7.786772,0.9733465,,98.02074,0.5302814,0.06628518,,98.02074,1.806011,0.2257514,,98.02074,6.013549,0.7516937,,98.02074,0.4311269,0.05389086,,98.02074,5.301331,0.6626663,,98.02074,0.1329069,0.01661336,,98.02074,4.771116,0.5963895,,98.02074,2.567535,0.3209419,,98.02074,1.209385,0.1511732,,98.02074,7.63767,0.9547088,,98.02074,4.009569,0.5011961,,98.02074,7.935402,0.9919253,,98.02074,2.932724,0.3665904,,
99.03128,5.566521,0.6958151,,99.03128,9.49283,1.186604,,99.03128,8.233694,1.029212,,99.03128,0.8287385,0.1035923,,99.03128,3.031911,0.3789889,,99.03128,8.631598,1.07895,,99.03128,8.797309,1.099664,,99.03128,1.540819,0.1926024,,99.03128,2.816549,0.3520687,,99.03128,7.024089,0.8780112,,99.03128,1.441664,0.1802081,,99.03128,6.311871,0.7889839,,99.03128,1.143445,0.1429306,,99.03128,5.781657,0.7227071,,99.03128,3.578073,0.4472591,,99.03128,2.219923,0.2774904,,99.03128,8.648208,1.081026,,99.03128,5.020109,0.6275136,,99.03128,0,0,,99.03128,3.943261,0.4929076,,
100.0418,6.577513,0.8221891,,100.0418,10.50382,1.312978,,100.0418,9.244687,1.155586,,100.0418,1.839729,0.2299662,,100.0418,4.042902,0.5053627,,100.0418,0,0,,100.0418,0.7128258,0.08910322,,100.0418,2.55181,0.3189763,,100.0418,3.827539,0.4784424,,100.0418,8.035081,1.004385,,100.0418,2.452655,0.3065819,,100.0418,7.322863,0.9153578,,100.0418,2.154435,0.2693044,,100.0418,0,0,,100.0418,4.589064,0.573633,,100.0418,3.230913,0.4038641,,100.0418,9.659201,1.2074,,100.0418,6.0311,0.7538875,,100.0418,0.7463208,0.09329011,,100.0418,4.954252,0.6192815,,
101.0528,7.588047,0.9485058,,101.0528,11.51435,1.439294,,101.0528,0,0,,101.0528,2.850264,0.3562829,,101.0528,5.053436,0.6316795,,101.0528,0.8454812,0.1056851,,101.0528,1.723359,0.2154199,,101.0528,3.562344,0.445293,,101.0528,4.838073,0.6047592,,101.0528,9.045612,1.130702,,101.0528,3.463189,0.4328986,,101.0528,8.333396,1.041674,,101.0528,3.164969,0.3956212,,101.0528,0.862254,0.1077818,,101.0528,5.599597,0.6999497,,101.0528,4.241447,0.5301809,,101.0528,0.3486874,0.04358593,,101.0528,7.041634,0.8802043,,101.0528,1.756854,0.2196068,,101.0528,5.964786,0.7455983,,
102.0631,8.597825,1.074728,,102.0631,0.2153665,0.02692081,,102.0631,0.8778611,0.1097326,,102.0631,3.860043,0.4825053,,102.0631,6.063217,0.7579021,,102.0631,1.85526,0.2319075,,102.0631,2.733138,0.3416423,,102.0631,4.572124,0.5715156,,102.0631,5.847854,0.7309818,,102.0631,0,0,,102.0631,4.47297,0.5591212,,102.0631,9.343174,1.167897,,102.0631,4.174748,0.5218436,,102.0631,1.872033,0.2340041,,102.0631,6.609378,0.8261723,,102.0631,5.251228,0.6564035,,102.0631,1.358467,0.1698083,,102.0631,8.051415,1.006427,,102.0631,2.766633,0.3458292,,102.0631,6.974567,0.8718209,,
103.0739,9.608585,1.201073,,103.0739,1.226128,0.153266,,103.0739,1.888623,0.2360778,,103.0739,4.870807,0.6088509,,103.0739,7.073982,0.8842477,,103.0739,2.866022,0.3582528,,103.0739,3.7439,0.4679875,,103.0739,5.58289,0.6978612,,103.0739,6.858619,0.8573274,,103.0739,0.8450959,0.105637,,103.0739,5.483735,0.6854668,,103.0739,0.1160191,0.01450238,,103.0739,5.185513,0.6481892,,103.0739,2.882795,0.3603494,,103.0739,7.620143,0.9525179,,103.0739,6.261993,0.7827491,,103.0739,2.369229,0.2961536,,103.0739,0,0,,103.0739,3.777395,0.4721744,,103.0739,7.985332,0.9981665,,
104.0842,10.62037,1.327547,,104.0842,2.237914,0.2797393,,104.0842,2.900408,0.362551,,104.0842,5.882596,0.7353245,,104.0842,8.085771,1.010721,,104.0842,3.877808,0.484726,,104.0842,4.755688,0.594461,,104.0842,6.594678,0.8243348,,104.0842,7.870408,0.983801,,104.0842,1.856882,0.2321103,,104.0842,6.495523,0.8119404,,104.0842,1.127805,0.1409756,,104.0842,6.197302,0.7746628,,104.0842,3.894581,0.4868226,,104.0842,8.631932,1.078992,,104.0842,7.273782,0.9092227,,104.0842,3.381014,0.4226268,,104.0842,0.3988704,0.0498588,,104.0842,4.789183,0.5986479,,104.0842,8.997121,1.12464,,
